Model,MAE,MSE,RMSE
Linear Regression,17949513023.30866,5.672739288075748e+21,75317589499.902
Random Forest,0.1794049411585514,0.0832775065420507,0.28857842355597324
XGBoosting,0.19203128125179927,0.08294503229995759,0.2880017921818501
SVR,0.18286007431960166,0.08128681850700246,0.28510843289352644
Elastic Net,0.48070047652385206,0.47638333749381007,0.6902052864864265
