Model with GridSearchCV,MAE,MSE,RMSE
Linear Regression,0.20872691381500957,0.09569137969820743,0.3093402329122538
Random Forest,0.18457171428242514,0.08239772155392212,0.28705003318920225
XGBoosting,0.18457988501016312,0.08032732548700275,0.2834207569797998
SVR,0.19640981425061443,0.08474750686718767,0.29111425053952217
Elastic Net,0.2003814539543021,0.090394275421498,0.3006564075843021
