XGBoost Model,MAE,MSE,RMSE
Original Dataset,0.18457988501016312,0.08032732548700275,0.2834207569797998
Focused Dataset,0.18750298155375225,0.08361524089922169,0.28916300057099575
